layerId,nodeId,binId,sigmaInterval_lb,sigmaInterval_ub,sigmaFreq
-1,0,0,0.0000000000,0.0000000000,990
-1,1,0,0.0000000000,1.1115345912,142
-1,1,1,1.1115345912,2.2230691824,669
-1,1,2,2.2230691824,3.3346037736,17
-1,1,3,3.3346037736,4.4461383648,162
-1,2,0,0.0000000000,0.0000000000,990
-1,3,0,0.0000000000,0.0000000000,990
