layerId,nodeId,binId,sigmaInterval_lb,sigmaInterval_ub,sigmaFreq
-1,0,0,0.0000000000,0.0000000000,10933
-1,1,0,0.0000000000,0.0000000000,10933
-1,2,0,0.0000000000,0.0000000000,10933
-1,3,0,4.2990112305,8.1131662228,1986
-1,3,1,8.1131662228,11.9273212151,4793
-1,3,2,11.9273212151,15.7414762074,2498
-1,3,3,15.7414762074,19.5556311997,1224
-1,3,4,19.5556311997,23.3697861920,426
-1,3,5,23.3697861920,27.1839411843,6
