layerId,nodeId,binId,sigmaInterval_lb,sigmaInterval_ub,sigmaFreq
-1,0,0,0.0160289723,0.4377704114,318
-1,0,1,0.4377704114,0.8595118505,42
-1,0,2,0.8595118505,1.2812532896,81
-1,1,0,0.0000000000,0.0000000000,441
-1,2,0,0.2977381051,0.4749358210,2
-1,2,1,0.4749358210,0.6521335369,1
-1,2,3,0.8293312528,1.0065289687,1
-1,2,4,1.0065289687,1.1837266846,4
-1,2,5,1.1837266846,1.3609244005,2
-1,2,6,1.3609244005,1.5381221164,97
-1,2,7,1.5381221164,1.7153198323,41
-1,2,8,1.7153198323,1.8925175482,293
