layerId,nodeId,binId,sigmaInterval_lb,sigmaInterval_ub,sigmaFreq
-1,0,0,439.8332824707,489.1296430078,3
-1,0,2,538.4260035449,587.7223640820,1
-1,1,0,0.0000000000,0.0000000000,4
-1,2,0,0.0000000000,0.0000000000,4
-1,3,0,0.0000000000,0.0000000000,4
