layerId,nodeId,binId,sigmaInterval_lb,sigmaInterval_ub,sigmaFreq
-1,0,0,6.3124179840,77.1963461886,284
-1,0,1,77.1963461886,148.0802743932,138
-1,0,2,148.0802743932,218.9642025978,44
-1,0,3,218.9642025978,289.8481308024,26
-1,0,4,289.8481308024,360.7320590070,9
-1,0,5,360.7320590070,431.6159872116,3
-1,1,0,0.0000000000,0.0000000000,504
-1,2,0,0.0000000000,0.0000000000,504
-1,3,0,0.0000000000,0.0000000000,504
