layerId,nodeId,binId,sigmaInterval_lb,sigmaInterval_ub,sigmaFreq
-1,0,0,7.3202891350,68.9808684287,50
-1,0,1,68.9808684287,130.6414477224,26
-1,0,2,130.6414477224,192.3020270161,6
-1,0,3,192.3020270161,253.9626063098,3
-1,0,4,253.9626063098,315.6231856035,3
-1,1,0,0.0000000000,0.0000000000,88
-1,2,0,0.0000000000,0.0000000000,88
-1,3,0,0.0000000000,0.0000000000,88
