layerId,nodeId,binId,sigmaInterval_lb,sigmaInterval_ub,sigmaFreq
-1,0,0,448.2161254883,463.9954528809,1
-1,0,1,463.9954528809,479.7747802735,1
-1,1,0,0.0000000000,0.0000000000,2
-1,2,0,0.0000000000,0.0000000000,2
-1,3,0,0.0000000000,0.0000000000,2
