layerId,nodeId,binId,sigmaInterval_lb,sigmaInterval_ub,sigmaFreq
-1,0,0,0.0000000000,0.0000000000,538
-1,1,0,4.2851324081,18.8572144867,243
-1,1,1,18.8572144867,33.4292965653,174
-1,1,2,33.4292965653,48.0013786439,76
-1,1,3,48.0013786439,62.5734607225,39
-1,1,4,62.5734607225,77.1455428011,5
-1,1,5,77.1455428011,91.7176248797,1
-1,2,0,0.0000000000,0.0000000000,538
-1,3,0,0.0000000000,0.0000000000,538
