layerId,nodeId,binId,sigmaInterval_lb,sigmaInterval_ub,sigmaFreq
-1,0,0,0.0000000000,0.0000000000,65
-1,1,0,0.0000000000,1.0683521061,8
-1,1,1,1.0683521061,2.1367042122,47
-1,1,2,2.1367042122,3.2050563183,1
-1,1,3,3.2050563183,4.2734084244,9
-1,2,0,0.0000000000,0.0000000000,65
-1,3,0,0.0000000000,0.0000000000,65
