layerId,nodeId,binId,sigmaInterval_lb,sigmaInterval_ub,sigmaFreq
-1,0,0,0.0000000000,0.0000000000,16184
-1,1,0,0.0000000000,0.0000000000,16184
-1,2,0,0.0000000000,0.0000000000,16184
-1,3,0,4.2919912338,8.2309101907,8172
-1,3,1,8.2309101907,12.1698291476,4562
-1,3,2,12.1698291476,16.1087481045,2171
-1,3,3,16.1087481045,20.0476670614,1146
-1,3,4,20.0476670614,23.9865860183,132
-1,3,5,23.9865860183,27.9255049752,1
