layerId,nodeId,binId,sigmaInterval_lb,sigmaInterval_ub,sigmaFreq
-1,0,0,0.1704267114,1.6051333463,4487
-1,0,1,1.6051333463,3.0398399812,4501
-1,0,2,3.0398399812,4.4745466161,5302
-1,0,3,4.4745466161,5.9092532510,2275
-1,0,4,5.9092532510,7.3439598859,170
-1,0,5,7.3439598859,8.7786665208,4
-1,1,0,0.0000000000,0.0000000000,16739
-1,2,0,0.0000000000,0.3758590191,13082
-1,2,1,0.3758590191,0.7517180382,1593
-1,2,2,0.7517180382,1.1275770573,1186
-1,2,3,1.1275770573,1.5034360764,878
